[{"pk": 1, "model": "groupmood.meeting", "fields": {"flags": null, "name": "Demo-Meeting", "creation_date": "2011-12-01 00:00:00"}}, {"pk": 2, "model": "groupmood.meeting", "fields": {"flags": "", "name": "GroupMood Pr\u00e4sentation", "creation_date": "2012-02-21 09:49:58"}}, {"pk": 3, "model": "groupmood.meeting", "fields": {"flags": "fotovote", "name": "Was wollen wir essen?", "creation_date": "2012-02-21 10:15:19"}}, {"pk": 1, "model": "groupmood.user", "fields": {"ip": "192.168.1.37", "creation_date": "2012-02-21 10:13:41"}}, {"pk": 1, "model": "groupmood.topic", "fields": {"image": null, "meeting": 1, "name": "Wie bewerten Sie dieses Meeting?", "creation_date": "2011-12-01 00:00:00"}}, {"pk": 2, "model": "groupmood.topic", "fields": {"image": null, "meeting": 1, "name": "Choices Demo", "creation_date": "2012-02-01 14:41:43"}}, {"pk": 3, "model": "groupmood.topic", "fields": {"image": "uploads/presentation-2/1_GroupMoodPr\u00e4sentation.pdf.png", "meeting": 2, "name": "Titelfolie", "creation_date": "2012-02-21 09:52:36"}}, {"pk": 4, "model": "groupmood.topic", "fields": {"image": "uploads/presentation-2/2_GroupMoodPr\u00e4sentation.pdf.png", "meeting": 2, "name": "Problem", "creation_date": "2012-02-21 09:53:31"}}, {"pk": 5, "model": "groupmood.topic", "fields": {"image": "uploads/presentation-2/3_GroupMoodPr\u00e4sentation.pdf.png", "meeting": 2, "name": "Idee & Umsetzung", "creation_date": "2012-02-21 09:53:43"}}, {"pk": 6, "model": "groupmood.topic", "fields": {"image": "uploads/presentation-2/4_GroupMoodPr\u00e4sentation.pdf.png", "meeting": 2, "name": "Mitmachen!", "creation_date": "2012-02-21 09:53:54"}}, {"pk": 7, "model": "groupmood.topic", "fields": {"image": "uploads/presentation-2/5_GroupMoodPr\u00e4sentation.pdf.png", "meeting": 2, "name": "Fragetyp: Werte-Bereich", "creation_date": "2012-02-21 09:54:12"}}, {"pk": 8, "model": "groupmood.topic", "fields": {"image": "uploads/presentation-2/6_GroupMoodPr\u00e4sentation.pdf.png", "meeting": 2, "name": "Fragetyp: Einfach-Auswahl", "creation_date": "2012-02-21 09:54:29"}}, {"pk": 9, "model": "groupmood.topic", "fields": {"image": "uploads/presentation-2/7_GroupMoodPr\u00e4sentation.pdf.png", "meeting": 2, "name": "Fragetyp: Mehrfach-Auswahl", "creation_date": "2012-02-21 09:54:45"}}, {"pk": 10, "model": "groupmood.topic", "fields": {"image": "uploads/presentation-2/8_GroupMoodPr\u00e4sentation.pdf.png", "meeting": 2, "name": "Ergebnisanzeige", "creation_date": "2012-02-21 09:54:59"}}, {"pk": 11, "model": "groupmood.topic", "fields": {"image": "uploads/presentation-2/9_GroupMoodPr\u00e4sentation.pdf.png", "meeting": 2, "name": "Kommentare", "creation_date": "2012-02-21 09:55:15"}}, {"pk": 12, "model": "groupmood.topic", "fields": {"image": "uploads/presentation-2/10_GroupMoodPr\u00e4sentation.pdf.png", "meeting": 2, "name": "Abwandlung: Foto-Vote", "creation_date": "2012-02-21 09:55:31"}}, {"pk": 13, "model": "groupmood.topic", "fields": {"image": "uploads/presentation-2/11_GroupMoodPr\u00e4sentation.pdf.png", "meeting": 2, "name": "Fragen?", "creation_date": "2012-02-21 09:55:51"}}, {"pk": 14, "model": "groupmood.topic", "fields": {"image": "uploads/presentation-2/12_GroupMoodPr\u00e4sentation.pdf.png", "meeting": 2, "name": "GroupMood ist OpenSource", "creation_date": "2012-02-21 09:56:02"}}, {"pk": 15, "model": "groupmood.topic", "fields": {"image": "uploads/fotovote/15.jpg", "meeting": 3, "name": "Photo #1", "creation_date": "2012-02-21 10:15:19"}}, {"pk": 16, "model": "groupmood.topic", "fields": {"image": "uploads/fotovote/16.jpg", "meeting": 3, "name": "Photo #2", "creation_date": "2012-02-21 10:15:28"}}, {"pk": 17, "model": "groupmood.topic", "fields": {"image": "uploads/fotovote/17.jpg", "meeting": 3, "name": "Photo #3", "creation_date": "2012-02-21 10:15:33"}}, {"pk": 18, "model": "groupmood.topic", "fields": {"image": "uploads/fotovote/18.jpg", "meeting": 3, "name": "Photo #4", "creation_date": "2012-02-21 10:15:38"}}, {"pk": 19, "model": "groupmood.topic", "fields": {"image": null, "meeting": 2, "name": "Wie bewerten Sie dieses Meeting?", "creation_date": "2012-02-21 10:48:03"}}, {"pk": 1, "model": "groupmood.question", "fields": {"topic": 1, "mode": "avg", "type": "range", "name": "Allgemeine Bewertung", "creation_date": "2011-12-01 00:00:00"}}, {"pk": 2, "model": "groupmood.question", "fields": {"topic": 2, "mode": "single", "type": "choice", "name": "SingleChoice", "creation_date": "2012-02-01 14:42:08"}}, {"pk": 3, "model": "groupmood.question", "fields": {"topic": 2, "mode": "single", "type": "choice", "name": "Multiple-Choice", "creation_date": "2012-02-01 14:42:23"}}, {"pk": 4, "model": "groupmood.question", "fields": {"topic": 7, "mode": "avg", "type": "range", "name": "Wie findest Du das Farbschema von GroupMood?", "creation_date": "2012-02-21 09:57:14"}}, {"pk": 5, "model": "groupmood.question", "fields": {"topic": 7, "mode": "avg", "type": "range", "name": "Wie findest Du das Umschalten zwischen den Fragen?", "creation_date": "2012-02-21 09:57:28"}}, {"pk": 6, "model": "groupmood.question", "fields": {"topic": 8, "mode": "single", "type": "choice", "name": "Heute ist ...", "creation_date": "2012-02-21 10:06:29"}}, {"pk": 7, "model": "groupmood.question", "fields": {"topic": 8, "mode": "single", "type": "choice", "name": "Du bist eher ein ...", "creation_date": "2012-02-21 10:06:40"}}, {"pk": 8, "model": "groupmood.question", "fields": {"topic": 9, "mode": "single", "type": "choice", "name": "W\u00e4hle wahre Aussagen", "creation_date": "2012-02-21 10:09:17"}}, {"pk": 9, "model": "groupmood.question", "fields": {"topic": 9, "mode": "single", "type": "choice", "name": "Du hast dir ein Eis verdient. Welche Sorten m\u00f6chtest Du?", "creation_date": "2012-02-21 10:09:35"}}, {"pk": 10, "model": "groupmood.question", "fields": {"topic": 15, "mode": "avg", "type": "range", "name": "Bewertung", "creation_date": "2012-02-21 10:15:19"}}, {"pk": 11, "model": "groupmood.question", "fields": {"topic": 16, "mode": "avg", "type": "range", "name": "Bewertung", "creation_date": "2012-02-21 10:15:28"}}, {"pk": 12, "model": "groupmood.question", "fields": {"topic": 17, "mode": "avg", "type": "range", "name": "Bewertung", "creation_date": "2012-02-21 10:15:33"}}, {"pk": 13, "model": "groupmood.question", "fields": {"topic": 18, "mode": "avg", "type": "range", "name": "Bewertung", "creation_date": "2012-02-21 10:15:38"}}, {"pk": 14, "model": "groupmood.question", "fields": {"topic": 19, "mode": "avg", "type": "range", "name": "Wie bewerten Sie die Vortragenden?", "creation_date": "2012-02-21 10:49:06"}}, {"pk": 15, "model": "groupmood.question", "fields": {"topic": 19, "mode": "avg", "type": "range", "name": "Wie bewerten Sie die Gestaltung der Folien?", "creation_date": "2012-02-21 10:49:20"}}, {"pk": 16, "model": "groupmood.question", "fields": {"topic": 19, "mode": "avg", "type": "range", "name": "Welche Schulnote w\u00fcrden Sie insgesamt vergeben?", "creation_date": "2012-02-21 10:50:18"}}, {"pk": 1, "model": "groupmood.questionoption", "fields": {"question": 1, "value": "0", "key": "min_value", "creation_date": "2011-12-01 00:00:00"}}, {"pk": 2, "model": "groupmood.questionoption", "fields": {"question": 1, "value": "100", "key": "max_value", "creation_date": "2011-12-01 00:00:00"}}, {"pk": 3, "model": "groupmood.questionoption", "fields": {"question": 1, "value": "Mies", "key": "label_min_value", "creation_date": "2011-12-01 00:00:00"}}, {"pk": 4, "model": "groupmood.questionoption", "fields": {"question": 1, "value": "In Ordnung", "key": "label_mid_value", "creation_date": "2011-12-01 00:00:00"}}, {"pk": 5, "model": "groupmood.questionoption", "fields": {"question": 1, "value": "Hervorragend", "key": "label_max_value", "creation_date": "2011-12-01 00:00:00"}}, {"pk": 6, "model": "groupmood.questionoption", "fields": {"question": 2, "value": "1", "key": "min_choices", "creation_date": "2012-02-01 14:50:39"}}, {"pk": 7, "model": "groupmood.questionoption", "fields": {"question": 2, "value": "1", "key": "max_choices", "creation_date": "2012-02-01 14:50:39"}}, {"pk": 8, "model": "groupmood.questionoption", "fields": {"question": 3, "value": "1", "key": "min_choices", "creation_date": "2012-02-01 14:51:14"}}, {"pk": 9, "model": "groupmood.questionoption", "fields": {"question": 3, "value": "2", "key": "max_choices", "creation_date": "2012-02-01 14:51:21"}}, {"pk": 10, "model": "groupmood.questionoption", "fields": {"question": 4, "value": "0", "key": "min_value", "creation_date": "2012-02-21 09:57:58"}}, {"pk": 11, "model": "groupmood.questionoption", "fields": {"question": 4, "value": "100", "key": "max_value", "creation_date": "2012-02-21 09:58:18"}}, {"pk": 12, "model": "groupmood.questionoption", "fields": {"question": 4, "value": "Hilfe! Ich bin blind!", "key": "label_min_value", "creation_date": "2012-02-21 09:58:31"}}, {"pk": 13, "model": "groupmood.questionoption", "fields": {"question": 4, "value": "In Ordnung", "key": "label_mid_value", "creation_date": "2012-02-21 09:58:44"}}, {"pk": 14, "model": "groupmood.questionoption", "fields": {"question": 4, "value": "Sehr angenehm", "key": "label_max_value", "creation_date": "2012-02-21 09:58:58"}}, {"pk": 15, "model": "groupmood.questionoption", "fields": {"question": 5, "value": "0", "key": "min_value", "creation_date": "2012-02-21 09:59:09"}}, {"pk": 16, "model": "groupmood.questionoption", "fields": {"question": 5, "value": "100", "key": "max_value", "creation_date": "2012-02-21 09:59:14"}}, {"pk": 17, "model": "groupmood.questionoption", "fields": {"question": 5, "value": "Unpraktisch", "key": "label_min_value", "creation_date": "2012-02-21 09:59:22"}}, {"pk": 18, "model": "groupmood.questionoption", "fields": {"question": 5, "value": "In Ordnung", "key": "label_mid_value", "creation_date": "2012-02-21 09:59:30"}}, {"pk": 19, "model": "groupmood.questionoption", "fields": {"question": 5, "value": "Perfekt", "key": "label_max_value", "creation_date": "2012-02-21 09:59:40"}}, {"pk": 20, "model": "groupmood.questionoption", "fields": {"question": 6, "value": "1", "key": "min_choices", "creation_date": "2012-02-21 10:07:01"}}, {"pk": 21, "model": "groupmood.questionoption", "fields": {"question": 6, "value": "1", "key": "max_choices", "creation_date": "2012-02-21 10:07:07"}}, {"pk": 22, "model": "groupmood.questionoption", "fields": {"question": 7, "value": "1", "key": "min_choices", "creation_date": "2012-02-21 10:07:14"}}, {"pk": 23, "model": "groupmood.questionoption", "fields": {"question": 7, "value": "1", "key": "max_choices", "creation_date": "2012-02-21 10:07:22"}}, {"pk": 24, "model": "groupmood.questionoption", "fields": {"question": 8, "value": "0", "key": "min_choices", "creation_date": "2012-02-21 10:09:54"}}, {"pk": 25, "model": "groupmood.questionoption", "fields": {"question": 8, "value": "3", "key": "max_choices", "creation_date": "2012-02-21 10:09:59"}}, {"pk": 26, "model": "groupmood.questionoption", "fields": {"question": 9, "value": "1", "key": "min_choices", "creation_date": "2012-02-21 10:10:08"}}, {"pk": 27, "model": "groupmood.questionoption", "fields": {"question": 9, "value": "4", "key": "max_choices", "creation_date": "2012-02-21 10:10:15"}}, {"pk": 28, "model": "groupmood.questionoption", "fields": {"question": 10, "value": "0", "key": "min_value", "creation_date": "2012-02-21 10:15:19"}}, {"pk": 29, "model": "groupmood.questionoption", "fields": {"question": 10, "value": "100", "key": "max_value", "creation_date": "2012-02-21 10:15:19"}}, {"pk": 30, "model": "groupmood.questionoption", "fields": {"question": 10, "value": "Schlecht", "key": "label_min_value", "creation_date": "2012-02-21 10:15:19"}}, {"pk": 31, "model": "groupmood.questionoption", "fields": {"question": 10, "value": "Mittel", "key": "label_mid_value", "creation_date": "2012-02-21 10:15:19"}}, {"pk": 32, "model": "groupmood.questionoption", "fields": {"question": 10, "value": "Gut", "key": "label_max_value", "creation_date": "2012-02-21 10:15:19"}}, {"pk": 33, "model": "groupmood.questionoption", "fields": {"question": 11, "value": "0", "key": "min_value", "creation_date": "2012-02-21 10:15:28"}}, {"pk": 34, "model": "groupmood.questionoption", "fields": {"question": 11, "value": "100", "key": "max_value", "creation_date": "2012-02-21 10:15:28"}}, {"pk": 35, "model": "groupmood.questionoption", "fields": {"question": 11, "value": "Schlecht", "key": "label_min_value", "creation_date": "2012-02-21 10:15:28"}}, {"pk": 36, "model": "groupmood.questionoption", "fields": {"question": 11, "value": "Mittel", "key": "label_mid_value", "creation_date": "2012-02-21 10:15:28"}}, {"pk": 37, "model": "groupmood.questionoption", "fields": {"question": 11, "value": "Gut", "key": "label_max_value", "creation_date": "2012-02-21 10:15:28"}}, {"pk": 38, "model": "groupmood.questionoption", "fields": {"question": 12, "value": "0", "key": "min_value", "creation_date": "2012-02-21 10:15:33"}}, {"pk": 39, "model": "groupmood.questionoption", "fields": {"question": 12, "value": "100", "key": "max_value", "creation_date": "2012-02-21 10:15:33"}}, {"pk": 40, "model": "groupmood.questionoption", "fields": {"question": 12, "value": "Schlecht", "key": "label_min_value", "creation_date": "2012-02-21 10:15:33"}}, {"pk": 41, "model": "groupmood.questionoption", "fields": {"question": 12, "value": "Mittel", "key": "label_mid_value", "creation_date": "2012-02-21 10:15:33"}}, {"pk": 42, "model": "groupmood.questionoption", "fields": {"question": 12, "value": "Gut", "key": "label_max_value", "creation_date": "2012-02-21 10:15:33"}}, {"pk": 43, "model": "groupmood.questionoption", "fields": {"question": 13, "value": "0", "key": "min_value", "creation_date": "2012-02-21 10:15:38"}}, {"pk": 44, "model": "groupmood.questionoption", "fields": {"question": 13, "value": "100", "key": "max_value", "creation_date": "2012-02-21 10:15:38"}}, {"pk": 45, "model": "groupmood.questionoption", "fields": {"question": 13, "value": "Schlecht", "key": "label_min_value", "creation_date": "2012-02-21 10:15:38"}}, {"pk": 46, "model": "groupmood.questionoption", "fields": {"question": 13, "value": "Mittel", "key": "label_mid_value", "creation_date": "2012-02-21 10:15:38"}}, {"pk": 47, "model": "groupmood.questionoption", "fields": {"question": 13, "value": "Gut", "key": "label_max_value", "creation_date": "2012-02-21 10:15:38"}}, {"pk": 48, "model": "groupmood.questionoption", "fields": {"question": 14, "value": "0", "key": "min_value", "creation_date": "2012-02-21 10:51:10"}}, {"pk": 49, "model": "groupmood.questionoption", "fields": {"question": 14, "value": "10", "key": "max_value", "creation_date": "2012-02-21 10:51:19"}}, {"pk": 50, "model": "groupmood.questionoption", "fields": {"question": 15, "value": "10", "key": "max_value", "creation_date": "2012-02-21 10:51:27"}}, {"pk": 51, "model": "groupmood.questionoption", "fields": {"question": 16, "value": "6", "key": "max_value", "creation_date": "2012-02-21 10:51:53"}}, {"pk": 52, "model": "groupmood.questionoption", "fields": {"question": 15, "value": "0", "key": "min_value", "creation_date": "2012-02-21 10:52:04"}}, {"pk": 53, "model": "groupmood.questionoption", "fields": {"question": 16, "value": "1", "key": "min_value", "creation_date": "2012-02-21 10:52:09"}}, {"pk": 55, "model": "groupmood.questionoption", "fields": {"question": 16, "value": "3 (befriedigend)", "key": "label_mid_value", "creation_date": "2012-02-21 10:56:59"}}, {"pk": 56, "model": "groupmood.questionoption", "fields": {"question": 16, "value": "1 (sehr gut)", "key": "label_min_value", "creation_date": "2012-02-21 10:57:06"}}, {"pk": 57, "model": "groupmood.questionoption", "fields": {"question": 16, "value": "6 (ungen\u00fcgend)", "key": "label_max_value", "creation_date": "2012-02-21 10:59:15"}}, {"pk": 58, "model": "groupmood.questionoption", "fields": {"question": 14, "value": "super", "key": "label_min_value", "creation_date": "2012-02-21 10:59:52"}}, {"pk": 59, "model": "groupmood.questionoption", "fields": {"question": 14, "value": "toll", "key": "label_mid_value", "creation_date": "2012-02-21 11:00:02"}}, {"pk": 60, "model": "groupmood.questionoption", "fields": {"question": 14, "value": "sexy", "key": "label_max_value", "creation_date": "2012-02-21 11:00:09"}}, {"pk": 61, "model": "groupmood.questionoption", "fields": {"question": 15, "value": "Langweilig", "key": "label_min_value", "creation_date": "2012-02-21 11:00:22"}}, {"pk": 62, "model": "groupmood.questionoption", "fields": {"question": 15, "value": "Ordentlich", "key": "label_mid_value", "creation_date": "2012-02-21 11:00:32"}}, {"pk": 63, "model": "groupmood.questionoption", "fields": {"question": 15, "value": "Gibt es die als Poster?", "key": "label_max_value", "creation_date": "2012-02-21 11:00:41"}}, {"pk": 1, "model": "groupmood.choice", "fields": {"question": 2, "name": "Rot", "creation_date": "2012-02-01 14:44:30"}}, {"pk": 2, "model": "groupmood.choice", "fields": {"question": 2, "name": "Gelb", "creation_date": "2012-02-01 14:44:36"}}, {"pk": 3, "model": "groupmood.choice", "fields": {"question": 2, "name": "Gr\u00fcn", "creation_date": "2012-02-01 14:44:57"}}, {"pk": 4, "model": "groupmood.choice", "fields": {"question": 3, "name": "Dreieck", "creation_date": "2012-02-01 14:45:06"}}, {"pk": 5, "model": "groupmood.choice", "fields": {"question": 3, "name": "Viereck", "creation_date": "2012-02-01 14:45:12"}}, {"pk": 6, "model": "groupmood.choice", "fields": {"question": 3, "name": "F\u00fcnfeck", "creation_date": "2012-02-01 14:45:18"}}, {"pk": 7, "model": "groupmood.choice", "fields": {"question": 6, "name": "Montag", "creation_date": "2012-02-21 10:07:45"}}, {"pk": 8, "model": "groupmood.choice", "fields": {"question": 6, "name": "Dienstag", "creation_date": "2012-02-21 10:07:50"}}, {"pk": 9, "model": "groupmood.choice", "fields": {"question": 6, "name": "Mittwoch", "creation_date": "2012-02-21 10:07:56"}}, {"pk": 10, "model": "groupmood.choice", "fields": {"question": 6, "name": "Donnerstag", "creation_date": "2012-02-21 10:08:00"}}, {"pk": 11, "model": "groupmood.choice", "fields": {"question": 6, "name": "Freitag", "creation_date": "2012-02-21 10:08:03"}}, {"pk": 12, "model": "groupmood.choice", "fields": {"question": 6, "name": "Samstag", "creation_date": "2012-02-21 10:08:07"}}, {"pk": 13, "model": "groupmood.choice", "fields": {"question": 6, "name": "Sonntag", "creation_date": "2012-02-21 10:08:11"}}, {"pk": 14, "model": "groupmood.choice", "fields": {"question": 7, "name": "Katzentyp", "creation_date": "2012-02-21 10:08:16"}}, {"pk": 15, "model": "groupmood.choice", "fields": {"question": 7, "name": "Hundetyp", "creation_date": "2012-02-21 10:08:20"}}, {"pk": 16, "model": "groupmood.choice", "fields": {"question": 7, "name": "Vegetarier", "creation_date": "2012-02-21 10:08:23"}}, {"pk": 17, "model": "groupmood.choice", "fields": {"question": 8, "name": "Im reellen Vektorraum R\u00b3 gibt es einen Vektor x mit x + x = o", "creation_date": "2012-02-21 10:10:46"}}, {"pk": 18, "model": "groupmood.choice", "fields": {"question": 8, "name": "R ist ein Untervektorraum von R\u00b3", "creation_date": "2012-02-21 10:11:13"}}, {"pk": 19, "model": "groupmood.choice", "fields": {"question": 8, "name": "Der Feuerbachkreis eines Dreiecks ist der Umkreis des Seitenmittendreiecks", "creation_date": "2012-02-21 10:11:22"}}, {"pk": 20, "model": "groupmood.choice", "fields": {"question": 9, "name": "Kirsch", "creation_date": "2012-02-21 10:11:33"}}, {"pk": 21, "model": "groupmood.choice", "fields": {"question": 9, "name": "Mango", "creation_date": "2012-02-21 10:11:38"}}, {"pk": 22, "model": "groupmood.choice", "fields": {"question": 9, "name": "Pistazie", "creation_date": "2012-02-21 10:11:44"}}, {"pk": 23, "model": "groupmood.choice", "fields": {"question": 9, "name": "Schokolade", "creation_date": "2012-02-21 10:11:50"}}, {"pk": 24, "model": "groupmood.choice", "fields": {"question": 9, "name": "Stracciatella", "creation_date": "2012-02-21 10:11:55"}}, {"pk": 25, "model": "groupmood.choice", "fields": {"question": 9, "name": "Vanille", "creation_date": "2012-02-21 10:11:59"}}]